Steps,Policy/Entropy,Policy/Learning Rate,Policy/Extrinsic Value Estimate,Losses/Value Loss,Losses/Policy Loss,Policy/Extrinsic Reward,Environment/Cumulative Reward,Environment/Episode Length
2000,1.4184804,0.00019940018,-0.06274637,0.017514497,0.035084058,6.0323565527796745,6.0323568008316215,1962.0
3000,1.4179192,0.00019900019,0.06350351,0.018076636,0.035098128,8.726198708483329,8.726198731468534,2117.3333333333335
4000,1.416914,0.0001986002,0.28670105,0.032736804,0.032739226,19.740882910501497,19.74088290223552,1343.0
5000,1.4158545,0.0001982002,0.5444464,0.06546573,0.040806018,14.540181709381823,14.54018171907256,586.6538461538462
6000,1.4149554,0.0001978002,0.7345245,0.087178476,0.03498753,8.500799730017379,8.500799691478203,264.18918918918916
7000,1.4142424,0.00019740018,0.93961823,0.08430086,0.032457292,11.062897328672738,11.062897359942294,323.6551724137931
8000,1.413571,0.00019700019,1.1402415,0.08732643,0.031391207,12.764008747092609,12.764008752769863,355.2413793103448
9000,1.4132861,0.0001966002,1.3502386,0.08642766,0.037827983,11.376972380912665,11.376972372227376,314.6363636363636
10000,1.4125276,0.0001962002,1.5438039,0.12018125,0.034247123,12.430932066270284,12.43093203236536,333.82142857142856
11000,1.41235,0.0001958002,1.7146202,0.089541934,0.040513083,9.455320455707037,9.45532046486131,255.56410256410257
12000,1.4134449,0.0001954002,1.8376354,0.12425518,0.03457407,12.447581171028075,12.447581196732392,331.5483870967742
13000,1.4144036,0.0001950002,2.0292087,0.114136584,0.037991345,11.021432343029208,11.021432356418847,304.16129032258067
14000,1.4147732,0.0001946002,2.0829175,0.13739356,0.033573072,12.936201307390418,12.936201321618032,344.67857142857144
15000,1.4149837,0.00019420018,2.217328,0.12158416,0.03220529,11.70302582267792,11.70302584202915,317.61290322580646
16000,1.414866,0.0001938002,2.3735895,0.1330621,0.039884157,10.213344648480415,10.213344617252814,280.0
17000,1.4143339,0.0001934002,2.3676572,0.14976646,0.033779338,12.387171900698117,12.387172001755971,336.2857142857143
18000,1.413238,0.0001930002,2.4477153,0.1467574,0.03578286,13.706677215794722,13.70667718591479,362.9166666666667
19000,1.411453,0.0001926002,2.5679677,0.13617481,0.02712498,15.254289048413435,15.254289071383633,419.4166666666667
20000,1.4100685,0.00019220018,2.7319987,0.12253067,0.03492368,20.384509541591008,20.384509446206113,567.3333333333334
21000,1.4099481,0.00019180021,3.0008385,0.078688405,0.029087747,17.96553703331772,17.965536987682913,502.6470588235294
22000,1.4104172,0.0001914002,2.9368005,0.096508026,0.040222097,23.9742447499718,23.97424455888436,741.4285714285714
23000,1.4101751,0.00019100019,3.027289,0.074522816,0.03093156,38.95899143389293,38.95899137880042,1222.2857142857142
24000,1.4094851,0.0001906002,2.9637878,0.059141565,0.03956767,31.93592974117824,31.935929654430634,1070.857142857143
25000,1.4093579,0.0001902002,2.9188035,0.08351119,0.037698083,31.114143797329493,31.114143829028112,1002.1428571428571
26000,1.4091604,0.00018980021,2.9230502,0.062744245,0.03830963,14.738203129785902,14.738203115712489,454.3529411764706
27000,1.4090172,0.00018940019,2.9309988,0.0684837,0.035508834,36.540669441223145,36.54066950508059,1089.0
28000,1.4089011,0.00018900019,2.855353,0.07865936,0.042843364,40.73932872368739,40.73932859883756,1286.5384615384614
29000,1.4079788,0.00018860021,2.7864504,0.14149852,0.03215091,27.531960239013035,27.531960132945034,800.0833333333334
30000,1.4073654,0.00018820021,2.8414876,0.11359935,0.036488924,22.97218271791935,22.972182653704657,624.0
31000,1.4065946,0.0001878002,2.9114432,None,None,28.324568884240257,28.32456910557812,733.2222222222222
32000,1.4069743,0.0001874002,2.9372306,0.09321658,0.04031037,26.2275443871816,26.22754442380877,716.8333333333334
33000,1.406688,0.0001870002,2.9914904,0.10724357,0.03411473,55.849533438682556,55.84953348168677,1413.7272727272727
34000,1.4061519,0.00018660021,3.0508895,0.11893406,0.03656969,33.16858758883817,33.1685876843216,861.1428571428571
35000,1.4057852,0.0001862002,3.0698216,0.1355558,0.031636186,17.155882138472336,17.155882220827223,472.53846153846155
36000,1.4041333,0.00018580019,3.071605,0.13568504,0.036145512,24.12117535503287,24.12117548714741,594.1052631578947
37000,1.4036599,0.00018540022,3.206366,0.13783424,0.03574539,38.138832829892635,38.13883300135785,865.375
38000,1.403242,0.0001850002,3.2727513,0.15235575,0.038118575,39.3054367929697,39.30543663655699,901.8
39000,1.4025806,0.0001846002,3.4255767,0.15840358,0.036972653,61.4964689463377,61.49646868408672,1368.875
40000,1.4020207,0.00018420021,3.6068945,0.1440081,0.032034148,79.84989041090012,79.84989178925753,1718.0
41000,1.40176,0.00018380019,3.6380086,0.08062097,0.028730437,63.49422956659244,63.494229772593826,1367.0
42000,1.4015608,0.00018340022,3.7761915,0.10011638,0.03301431,66.75062429904938,66.75062408750334,1433.8333333333333
43000,1.4013134,0.0001830002,3.8913345,0.14089176,0.042532265,35.137682716051735,35.13768285008458,770.0
44000,1.4012048,0.0001826002,3.9776866,0.13532391,0.033752203,94.98982925713062,94.9898290890269,1984.0
45000,1.4007553,0.00018220022,4.1309247,0.07577624,0.033211704,None,None,None
46000,1.4002132,0.0001818002,4.0881863,0.09472835,0.035495214,84.5789874949876,84.5789875474755,1735.4705882352941
47000,1.3998129,0.0001814002,4.244303,0.13817574,0.034394946,48.64343831936518,48.64343820746095,1014.5
48000,1.3994772,0.0001810002,4.2940392,0.16427056,0.035881188,56.64686649044355,56.64686630945653,1161.6666666666667
49000,1.3998686,0.0001806002,4.3962755,0.05707705,0.03214966,None,None,None
50000,1.4005986,0.00018020021,4.4387374,0.070971034,0.034157712,111.41023874282837,111.41023888252676,2269.0
51000,1.4011372,0.00017980019,4.45272,0.05911474,0.03298198,148.11122405156493,148.11122419047993,2934.0
52000,1.401544,0.0001794002,4.6603303,0.07443985,0.03760536,None,None,None
53000,1.4008303,0.0001790002,4.721129,0.06520126,0.03484978,127.62968844175339,127.62968830391765,2482.0
54000,1.400436,0.00017860021,4.7918286,0.038276218,0.028653901,None,None,None
55000,1.3999023,0.00017820022,4.826614,0.05966013,0.03589985,213.49136447906494,213.4913666229695,4066.0
56000,1.399472,0.0001778002,4.8111014,0.056308635,0.035208017,200.51178751750425,200.51178748862267,3839.090909090909
57000,1.399729,0.0001774002,4.9310074,0.041588213,0.038208116,None,None,None
58000,1.39949,0.0001770002,4.905053,0.13093653,0.03675991,112.12759951502085,112.12759913131595,2126.75
59000,1.3987926,0.00017660021,4.978414,0.041100677,0.03754335,None,None,None
60000,1.3988013,0.0001762002,5.0261054,None,None,211.3463749885559,211.34637589752674,3969.0
61000,1.3987316,0.0001758002,4.9795876,0.06897044,0.027429737,165.64593997846046,165.64593987478534,3091.4166666666665
62000,1.3978709,0.00017540022,5.132521,0.08143418,0.034676824,None,None,None
63000,1.3972238,0.00017500021,5.179783,0.039923538,0.032452337,None,None,None
64000,1.3947241,0.00017460021,5.178716,0.04324894,0.033201493,None,None,None
65000,1.3936174,0.0001742002,5.22083,0.034317832,0.037435055,240.37607884407043,240.37608069367707,4458.0
66000,1.3924187,0.0001738002,5.1852126,0.065462574,0.038429983,238.5800173610449,238.58001739960164,4395.5
67000,1.39167,0.00017340021,5.2521505,0.041648075,0.029688628,None,None,None
68000,1.3908461,0.00017300021,5.321054,0.03013964,0.036126696,None,None,None
69000,1.390649,0.00017260021,5.308326,0.04026665,0.03169768,None,None,None
70000,1.390177,0.0001722002,5.331733,0.06745589,0.03179548,237.82774770259857,237.82774816453457,4369.0
71000,1.3888977,0.0001718002,5.2795744,0.031052278,0.033628784,245.29463097155093,245.29463073778896,4485.1
72000,1.3880298,0.0001714002,5.3313575,0.044453036,0.027502993,None,None,None
73000,1.3875502,0.00017100021,5.3531013,0.039245263,0.0309843,None,None,None
74000,1.3871456,0.00017060021,5.351543,0.06472192,0.037321158,192.09172096848488,192.0917199254036,3522.5
75000,1.3867731,0.00017020022,5.384222,0.12279944,0.038117662,242.67591121792793,242.67591188754886,4430.5
76000,1.3857278,0.00016980022,5.300084,0.03250799,0.03158291,159.61227813611427,159.61227840212328,2922.5
77000,1.3848257,0.00016940021,5.343244,0.113680914,0.04113969,19.560821771621704,19.560822000727057,390.0
78000,1.3848763,0.00016900021,5.318747,0.08005789,0.035393056,105.63826850056648,105.63826972898096,1965.0
79000,1.384473,0.0001686002,5.3382735,0.034318995,0.033400755,None,None,None
80000,1.3840796,0.0001682002,5.3809013,None,None,None,None,None
81000,1.3837296,0.00016780022,5.300649,0.03518345,0.03127412,216.70903945781967,216.70903974823094,3957.3636363636365
82000,1.38457,0.00016740021,5.3474374,0.057523515,0.02911271,63.096861600875854,63.09686095267534,1207.0
83000,1.3846226,0.00016700022,5.3738985,0.0578133,0.033537924,131.49166003863016,131.49166153930128,2425.0
84000,1.384847,0.0001666002,5.3231635,0.14349845,0.032882206,None,None,None
85000,1.3847219,0.00016620022,5.3391914,0.028070083,0.029030109,None,None,None
86000,1.3850797,0.0001658002,5.3028007,0.034504425,0.03285673,220.59871065318583,220.59871060326697,4035.0
87000,1.3850054,0.00016540021,5.351415,0.040780082,0.032472257,None,None,None
88000,1.3851616,0.00016500021,5.423233,0.029435715,0.037502818,155.1345433294773,155.13454342912883,2876.5
89000,1.3848497,0.0001646002,5.3927536,0.10877323,0.032808363,None,None,None
90000,1.3844595,0.00016420022,5.4227095,0.03317417,0.038232677,None,None,None
91000,1.3843184,0.00016380021,5.3595166,0.05958082,0.035964906,218.76619471474126,218.766195004372,3995.5454545454545
92000,1.3838899,0.0001634002,5.4036903,0.06549312,0.036095522,45.57996043562889,45.579960470087826,878.5
93000,1.3835251,0.00016300022,5.450371,0.06577237,0.036255162,145.1611608862877,145.16116021201015,2689.0
94000,1.3836519,0.0001626002,5.448377,0.059765097,0.036920924,211.30144846439362,211.30144746415317,3859.0
95000,1.384126,0.00016220022,5.435649,0.06860704,0.033953357,None,None,None
96000,1.3845103,0.0001618002,5.4050016,0.034799352,0.031813655,221.2297813951969,221.2297815002501,4043.0
97000,1.3843795,0.0001614002,5.4184294,0.0639972,0.03691095,63.10295271873474,63.10295270383358,1209.0
98000,1.3840274,0.00016100022,5.438169,0.036416244,0.039310127,None,None,None
99000,1.3838205,0.00016060022,5.4158225,0.026806343,0.031660732,None,None,None
100000,1.3840926,0.0001602002,5.4470205,0.043982673,0.0318784,231.75372964143753,231.75372998602688,4222.0
101000,1.383808,0.00015980021,5.359328,0.050652985,0.03366595,220.01453625343063,220.01453619008745,4015.7272727272725
102000,1.3837854,0.00015940021,5.3881063,0.033053774,0.034479674,None,None,None
103000,1.3832442,0.00015900022,5.3855233,0.07008812,0.038230337,111.87988090515137,111.87988085113466,2056.0
104000,1.3813373,0.00015860023,5.3672442,0.1118876,0.03645668,199.13762423992156,199.13762450665234,3636.4
105000,1.3812019,0.0001582002,5.4451237,None,None,100.51460182666779,100.51460155285895,1883.0
106000,1.3804377,0.00015780023,5.366256,0.067947164,0.03335793,132.50955816493794,132.50955821548334,2435.7272727272725
107000,1.3801037,0.00015740021,5.393535,0.06255414,0.03553193,None,None,None
108000,1.3795507,0.00015700022,5.439147,0.029602323,0.036771096,155.4071522951126,155.4071513544768,2875.0
109000,1.3790983,0.0001566002,5.426004,0.079643086,0.03540538,None,None,None
110000,1.3788836,0.00015620021,5.4409842,0.029198421,0.027435305,167.05688869953156,167.0568889263086,3088.0
111000,1.3786924,0.00015580023,5.356022,0.08050328,0.038455892,177.95046663972047,177.95046655239108,3248.3846153846152
112000,1.3776926,0.00015540022,5.379483,0.10953657,0.03351641,None,None,None
113000,1.3767214,0.0001550002,5.392865,0.032484043,0.0346313,100.38992059230804,100.38992132805288,1884.0
114000,1.3763232,0.0001546002,5.3720274,0.093516484,0.035346873,159.68101578950882,159.68101566657424,2939.0
115000,1.3764255,0.00015420021,5.4024644,0.033759616,0.04259724,204.63798201084137,204.6379828453064,3735.0
116000,1.3768964,0.00015380023,5.3709645,0.065631,0.039254665,181.48683991779885,181.4868399174884,3315.25
117000,1.3766873,0.00015340021,5.4153485,0.08016576,0.029826121,None,None,None
118000,1.3757421,0.00015300022,5.4299593,0.061682526,0.029822428,106.29130697250366,106.29130613990128,1974.5
119000,1.3751696,0.00015260023,5.4146104,0.058971222,0.033925094,None,None,None
120000,1.3750457,0.00015220023,5.4192677,0.035009854,0.035114523,None,None,None
121000,1.3745874,0.00015180021,5.364083,0.039782178,0.033873238,241.98247455060482,241.98247498776763,4400.7
122000,1.3739716,0.0001514002,5.4138727,0.06783935,0.028297525,63.43900513648987,63.439006220549345,1216.0
123000,1.3732985,0.00015100022,5.416931,0.033363294,0.04501187,None,None,None
124000,1.3731061,0.00015060023,5.384416,0.024886029,0.035037372,203.555570602417,203.55557154491544,3714.0
125000,1.3738629,0.00015020021,5.4156785,0.06673712,0.037282262,None,None,None
126000,1.3740971,0.00014980022,5.3438582,0.046352673,0.03488319,222.8309604606845,222.83096051798202,4061.0
127000,1.3743519,0.00014940024,5.366454,0.047790118,0.03839163,67.35000336170197,67.35000162757933,1267.0
128000,1.3747597,0.00014900023,5.3905287,0.03728022,0.03657812,None,None,None
129000,1.3744034,0.00014860021,5.3841805,0.026680557,0.039636306,None,None,None
130000,1.373277,0.00014820021,5.4203477,0.038467202,0.03823852,None,None,None
131000,1.3732847,0.00014780022,5.4056606,0.03872824,0.03769911,261.4389958381653,261.4389958694577,4757.1
132000,1.3729299,0.00014740023,5.3886704,None,None,None,None,None
133000,1.3722266,0.00014700022,5.4236746,0.028472139,0.033070173,None,None,None
134000,1.3718556,0.00014660023,5.416211,0.034061395,0.03586184,None,None,None
135000,1.3716016,0.00014620021,5.430358,0.031043047,0.03343747,None,None,None
136000,1.3715541,0.00014580024,5.368242,0.041547153,0.033539686,270.53765719234946,270.53765734396876,4922.0
137000,1.3713247,0.00014540022,5.4130096,0.036205932,0.0288819,None,None,None
138000,1.3706524,0.00014500022,5.4611983,0.032730218,0.034079038,154.85012537240982,154.85012459754944,2862.0
139000,1.3697593,0.00014460023,5.3876457,0.1137501,0.03303106,103.18884608149529,103.18884611781687,1911.0
140000,1.3692429,0.00014420024,5.3665733,0.03323286,0.03159384,None,None,None
141000,1.3686881,0.00014380022,5.32833,0.03619651,0.040579915,233.68126930892467,233.6812685161829,4253.5
142000,1.3681006,0.00014340022,5.3579025,0.06599333,0.035138775,78.02154443661372,78.02154445461929,1462.3333333333333
143000,1.3680149,0.00014300022,5.380484,0.06051173,0.03587059,None,None,None
144000,1.3680476,0.00014260024,5.364835,0.04914833,0.03454827,188.6231334209442,188.62313296459615,3463.0
145000,1.3679714,0.00014220024,5.409699,0.07637485,0.030872446,247.0501217842102,247.05012233927846,4531.0
146000,1.367379,0.00014180022,5.380512,0.051206153,0.038536668,185.6513132033023,185.6513126359575,3383.7272727272725
147000,1.3670868,0.00014140023,5.4207234,0.034325685,0.042702246,None,None,None
148000,1.3661466,0.00014100023,5.4137526,0.03278325,0.03513431,155.389781832695,155.38978134468198,2868.0
149000,1.365572,0.00014060024,5.3741274,0.100098304,0.032006253,172.17178991436958,172.17179115116596,3142.0
150000,1.3649585,0.00014020022,5.4217157,0.06328693,0.036497667,68.10671842098236,68.10671900399029,1292.0
151000,1.3647168,0.00013980022,5.34045,0.08601495,0.036473904,180.27590149268508,180.27590176808494,3288.75
152000,1.36486,0.00013940023,5.354947,0.047701523,0.03303992,99.03361183404922,99.03361140564084,1852.0
153000,1.3655492,0.00013900023,5.380519,None,None,140.5550525188446,140.55505358986557,2570.0
154000,1.365105,0.00013860023,5.389472,0.061307944,0.03448564,None,None,None
155000,1.365493,0.00013820022,5.406287,0.02653259,0.038468618,None,None,None
156000,1.3649668,0.00013780022,5.369847,0.04542753,0.03753599,240.2997831195593,240.2997826917097,4372.3
157000,1.364603,0.00013740025,5.389195,0.032771513,0.0309959,99.5174532532692,99.51745182462037,1858.0
158000,1.3637086,0.00013700021,5.4386177,0.05522652,0.034358304,None,None,None
159000,1.3632978,0.00013660023,5.4101853,0.036974847,0.03182658,203.8431100845337,203.84311095811427,3715.0
160000,1.3629917,0.00013620022,5.449429,0.05372171,0.037273645,None,None,None
161000,1.3630325,0.00013580023,5.371147,0.0442852,0.0306849,239.68098796904087,239.68098789570504,4364.7
162000,1.363217,0.00013540023,5.40959,0.03702784,0.032617077,None,None,None
163000,1.363397,0.00013500023,5.441667,0.068557054,0.03267379,127.75622427463531,127.75622485764325,2345.0
164000,1.3635073,0.00013460022,5.4281693,0.08251332,0.033369455,159.69251930713654,159.69251793436706,2939.0
165000,1.3631524,0.00013420022,5.485902,0.030902134,0.039621476,None,None,None
166000,1.3627393,0.00013380022,5.4377723,0.041734014,0.034789886,228.3875037640333,228.38750451309608,4159.1
167000,1.3627195,0.00013340023,5.478629,0.031190865,0.033441484,None,None,None
168000,1.362447,0.00013300023,5.4939694,0.03534836,0.037005182,None,None,None
169000,1.3623679,0.00013260024,5.4441204,0.03632344,0.03140121,204.13768619298935,204.13768706889823,3721.0
170000,1.3626814,0.00013220024,5.525711,0.035240076,0.03357144,None,None,None
171000,1.362654,0.00013180023,5.417916,0.055506088,0.030538522,229.45780142328957,229.45780174543458,4180.090909090909
172000,1.3628186,0.00013140023,5.461671,0.029423553,0.033590633,None,None,None
173000,1.3622148,0.00013100023,5.4764633,None,None,119.84008061885834,119.84008144121617,2199.5
174000,1.3621619,0.00013060022,5.452301,0.107356705,0.031901624,None,None,None
175000,1.3617104,0.00013020023,5.4380097,0.02456429,0.035607632,252.48479375243187,252.48479367420077,4611.0
176000,1.3603946,0.00012980023,5.4028482,0.083602995,0.036699485,176.46597012741998,176.46597004813057,3227.3636363636365
177000,1.3597687,0.00012940024,5.430211,0.04821459,0.037947122,55.70322479804357,55.70322456738601,1067.6666666666667
178000,1.3597016,0.00012900023,5.4407516,0.12516968,0.031992722,None,None,None
179000,1.3592027,0.00012860022,5.395709,0.0657633,0.033725142,164.23645194371542,164.23645189528665,3009.0
180000,1.3590403,0.00012820023,5.4029245,0.09706327,0.032457646,20.29007577896118,20.290076008066535,414.0
181000,1.3585008,0.00012780023,5.354483,0.06158118,0.031372834,198.23824771940707,198.23824745457387,3618.8
182000,1.358098,0.00012740023,5.3720074,0.0784157,0.0346011,55.57867839932442,55.57867775927298,1059.25
183000,1.3577788,0.00012700024,5.387346,0.09277658,0.032124277,139.30961346626282,139.30961490329355,2544.0
184000,1.3575152,0.00012660024,5.378547,0.05418627,0.032558005,None,None,None
185000,1.3570323,0.00012620023,5.4025693,0.03068622,0.032606218,None,None,None
186000,1.3562803,0.00012580023,5.3587112,0.030509703,0.032914463,232.91705470085145,232.91705463500693,4243.8
187000,1.355847,0.00012540023,5.393973,0.03557526,0.028850975,None,None,None
188000,1.3557996,0.00012500024,5.429428,0.031150032,0.03576062,None,None,None
189000,1.355706,0.00012460024,5.3868546,0.057356678,0.035371136,159.69832491874695,159.69832642003894,2934.0
190000,1.3552976,0.00012420023,5.448307,0.033170618,0.036334015,None,None,None
191000,1.354656,0.00012380023,5.3869953,0.070703186,0.037345648,233.84446248412132,233.84446208178468,4256.363636363636
192000,1.3541973,0.00012340023,5.435044,0.029227508,0.030381214,None,None,None
193000,1.3541253,0.00012300024,5.4442253,0.0343715,0.04119237,155.1266883611679,155.12668773904443,2862.0
194000,1.3544595,0.00012260022,5.4370756,0.06421673,0.036499295,None,None,None
195000,1.3541209,0.00012220023,5.4372635,0.067000434,0.033772938,251.83661603927612,251.83661742135882,4597.0
196000,1.3537581,0.000121800236,5.35069,0.065459475,0.028295048,210.19077467376536,210.19077381221788,3827.818181818182
197000,1.353983,0.00012140024,5.377679,None,None,67.26873522996902,67.26873531751335,1265.0
198000,1.3540293,0.00012100024,5.3800087,0.04153246,0.03782434,None,None,None
199000,1.3537424,0.00012060024,5.328296,0.033180784,0.02894291,135.47289706127984,135.4728970343588,2486.1428571428573
200000,1.3536445,0.00012020024,5.341536,0.20078802,0.030710733,120.3613369166851,120.36133593693376,2206.0
201000,1.3538128,0.00011980024,5.294102,0.09026301,0.03794794,126.56649200482802,126.56649205647409,2313.4545454545455
202000,1.3539373,0.00011940023,5.345073,0.03576749,0.032626648,99.59770280122757,99.59770230203867,1857.0
203000,1.3534726,0.000119000244,5.363284,0.05417346,0.030679997,None,None,None
204000,1.353116,0.00011860024,5.3124785,0.09466612,0.03086918,124.20445495843887,124.20445571032663,2287.0
205000,1.3525584,0.000118200245,5.3768606,0.054094493,0.03305159,252.8656941652298,252.86569346301258,4612.0
206000,1.3522239,0.000117800235,5.3097906,0.061482962,0.035457667,166.5531424904863,166.5531426111702,3038.25
207000,1.3523909,0.00011740024,5.368257,0.09138367,0.032757536,70.46593438088894,70.46593388030306,1319.25
208000,1.3522797,0.000117000236,5.3817315,0.060534954,0.035125725,103.85760274529457,103.85760369990021,1914.0
209000,1.3514459,0.00011660025,5.3824024,0.08531531,0.031492226,None,None,None
210000,1.3507547,0.00011620024,5.402291,0.030672519,0.02978351,None,None,None
211000,1.3509418,0.00011580024,5.3508897,0.033284556,0.03023785,216.59020853936673,216.59020853014664,3935.0
212000,1.3509806,0.00011540024,5.3922663,0.03530347,0.036156982,None,None,None
213000,1.3501016,0.00011500025,5.396376,0.059427917,0.03649701,111.70306468009949,111.70306457951665,2050.0
214000,1.3495786,0.00011460024,5.374528,0.024575882,0.02953134,None,None,None
215000,1.3490127,0.00011420024,5.417632,0.038708437,0.027839871,None,None,None
216000,1.3481643,0.00011380023,5.3349495,0.03923442,0.030946022,259.54882098436354,259.54882098920643,4717.0
217000,1.3481749,0.000113400245,5.4026937,0.026078718,0.039980378,None,None,None
218000,1.3482189,0.00011300024,5.402824,0.07428443,0.041728012,119.67973852157593,119.67973894998431,2193.0
219000,1.3472594,0.00011260024,5.392566,None,None,None,None,None
220000,1.3461332,0.00011220024,5.4258785,0.027549943,0.031076273,None,None,None
221000,1.3467493,0.00011180024,5.3594847,0.039786454,0.030493528,218.62904388954243,218.62904340261593,3978.9166666666665
222000,1.3464307,0.000111400244,5.403581,0.09815236,0.036376886,None,None,None
223000,1.3460526,0.00011100024,5.421211,0.0241089,0.031472657,126.03069180250168,126.0306920222938,2308.0
224000,1.3460693,0.00011060024,5.405417,0.066116236,0.028975282,185.04822105169296,185.04822094831616,3394.5
225000,1.3460271,0.00011020024,5.4114094,0.08763477,0.035473514,None,None,None
226000,1.3459425,0.00010980024,5.346741,0.03853874,0.034661286,186.67559446642795,186.67559466767125,3400.9166666666665
227000,1.3457986,0.000109400244,5.4040146,0.08677759,0.030004552,None,None,None
228000,1.345561,0.00010900024,5.439856,0.03025667,0.032914482,None,None,None
229000,1.3451955,0.000108600245,5.4045954,0.027383018,0.030700088,None,None,None
230000,1.3448303,0.000108200235,5.438619,0.031002117,0.03741981,None,None,None
231000,1.344769,0.000107800246,5.380255,0.0417333,0.030171303,263.07983811199665,263.07983775138854,4781.2
232000,1.3450629,0.00010740024,5.436872,0.033302046,0.027284421,99.53061336278915,99.53061394393444,1857.0
233000,1.3451917,0.00010700025,5.4560504,0.061617542,0.03276442,None,None,None
234000,1.3449577,0.00010660024,5.4075727,0.054433774,0.02723891,68.00277405977249,68.00277430028655,1287.0
235000,1.3448734,0.00010620025,5.43856,0.03508109,0.037892442,None,None,None
236000,1.3448064,0.000105800245,5.374349,0.036445543,0.036237217,234.73828053203496,234.73828090473333,4268.727272727273
237000,1.3443199,0.00010540025,5.3983474,0.07960261,0.034798797,67.45020622015,67.45020634774119,1272.0
238000,1.3439891,0.00010500024,5.390835,0.0344364,0.031975053,None,None,None
239000,1.3439219,0.00010460025,5.371267,0.028626863,0.035839524,None,None,None
240000,1.3431972,0.000104200255,5.441034,0.03288942,0.039238933,None,None,None
241000,1.3433437,0.00010380025,5.3692837,0.037098657,0.03908687,258.95991450846196,258.95991438981144,4706.7
242000,1.3441726,0.00010340025,5.422026,0.03049512,0.033323202,None,None,None
243000,1.3447686,0.000103000246,5.4445543,None,None,None,None,None
244000,1.3445374,0.00010260025,5.389342,0.06780409,0.037825193,181.79421845078468,181.7942183278501,3324.5
245000,1.3442413,0.000102200254,5.4220285,0.052900743,0.03043134,252.15933752059937,252.15933556482196,4603.0
246000,1.3443252,0.00010180025,5.358329,0.052173346,0.032002106,208.49836766421794,208.498367902264,3796.7
247000,1.3442312,0.00010140025,5.4086633,0.0332637,0.0370848,None,None,None
248000,1.3439795,0.00010100025,5.450647,0.028023804,0.03786928,None,None,None
249000,1.3436451,0.00010060025,5.3883786,0.025887012,0.031488772,198.16324430704117,198.16324277594686,3620.5
250000,1.3433315,0.000100200254,5.423082,0.063312255,0.038105525,252.18271136283875,252.18271144665778,4600.0
251000,1.3432742,9.980025e-05,5.3641205,0.06736284,0.035627592,205.36774135828017,205.36774120684714,3737.8
252000,1.3433692,9.940025e-05,5.388049,0.034751326,0.03528724,None,None,None
253000,1.3433595,9.9000245e-05,5.3905687,0.13894738,0.030043539,65.90567336976528,65.90567415300757,1226.5
254000,1.3432062,9.8600256e-05,5.338945,0.1451137,0.027777312,133.4555273771286,133.45552765317262,2458.8
255000,1.3429792,9.820025e-05,5.3632665,0.033707056,0.03190717,93.49300584197044,93.49300687201321,1745.0
256000,1.3427967,9.780025e-05,5.288814,0.17171367,0.03562969,110.46756221254667,110.4675622113243,2024.9333333333334
257000,1.3425071,9.740025e-05,5.3388233,0.13991334,0.039606635,34.5299813747406,34.529981141211465,679.5
258000,1.3418473,9.700026e-05,5.368575,0.113907404,0.037541874,80.05141803622246,80.05141857638955,1475.5
259000,1.3416011,9.660025e-05,5.380162,0.03708208,0.036881782,178.87363439798355,178.87363442406058,3279.0
260000,1.3415548,9.620025e-05,5.4343305,0.06101827,0.036742486,205.32796728610992,205.3279678095132,3741.0
261000,1.341046,9.580025e-05,5.3729687,0.05110247,0.03014798,174.80579247528857,174.80579262333447,3187.4545454545455
262000,1.3408433,9.540025e-05,5.4037113,0.047906186,0.034167577,67.51072078943253,67.5107206273824,1270.0
263000,1.3407478,9.500025e-05,5.390437,0.0628878,0.035679914,139.8049441576004,139.80494349636137,2543.0
264000,1.3406106,9.4600255e-05,5.371536,0.02632623,0.031473517,None,None,None
265000,1.3405874,9.420025e-05,5.4303656,0.033878386,0.040034045,None,None,None
266000,1.3407753,9.380025e-05,5.3995337,None,None,247.70523101240397,247.7052311271429,4502.3
267000,1.3404136,9.340025e-05,5.4176273,0.039444648,0.034698945,83.19609642028809,83.19609734939877,1558.0
268000,1.3404329,9.300026e-05,5.4123707,0.05623191,0.03165117,111.7369704246521,111.73697089403868,2053.0
269000,1.3403721,9.2600254e-05,5.385844,0.06425064,0.02963792,93.6960941851139,93.69609509687871,1744.0
270000,1.3404582,9.220025e-05,5.430001,0.085103124,0.034164708,None,None,None
271000,1.3401899,9.180025e-05,5.3654275,0.045451023,0.034609057,231.601766833663,231.60176693033426,4212.1
272000,1.3399136,9.140025e-05,5.4067106,0.033126086,0.035213444,None,None,None
273000,1.3394536,9.1000256e-05,5.43312,0.055253882,0.034465216,111.47119331359863,111.47119289636612,2048.0
274000,1.3391626,9.060025e-05,5.3941,0.025647553,0.029589254,None,None,None
275000,1.339018,9.020025e-05,5.4296293,0.062576585,0.037479065,100.24671614170074,100.24671614728868,1877.0
276000,1.3390739,8.9800255e-05,5.3751416,0.035369523,0.031039942,249.21545158028601,249.2154518870637,4529.5
277000,1.3392726,8.940026e-05,5.4014616,0.050583865,0.036984287,81.34183645248413,81.341837185435,1531.0
278000,1.339199,8.9000256e-05,5.4032373,0.061915718,0.032844074,None,None,None
279000,1.3390626,8.860025e-05,5.36377,0.030848797,0.037359174,178.54850614070892,178.54850550554693,3278.0
280000,1.3391346,8.820026e-05,5.3970776,0.034087393,0.033481915,None,None,None
281000,1.3391862,8.780025e-05,5.3407297,0.03469108,0.03862662,235.79341681450606,235.79341679099016,4287.8
282000,1.3392937,8.740026e-05,5.3910913,0.026929922,0.03980501,None,None,None
283000,1.3393555,8.7000255e-05,5.384549,0.03530978,0.03344709,None,None,None
284000,1.33907,8.660026e-05,5.3998632,0.022944814,0.036224898,None,None,None
285000,1.3391356,8.620025e-05,5.4542303,0.03795507,0.037702307,None,None,None
286000,1.3388399,8.580026e-05,5.3832016,None,None,270.84012780189516,270.8401272881776,4922.0
287000,1.3380718,8.540026e-05,5.4194717,0.037470102,0.037507094,99.69038331508636,99.6903825532645,1860.0
288000,1.3377118,8.500026e-05,5.4303207,0.05576729,0.03171939,155.19789749383926,155.1978973094374,2864.0
289000,1.3375889,8.460025e-05,5.389403,0.07264337,0.03178386,None,None,None
290000,1.3377312,8.420026e-05,5.431932,0.02804755,0.029336618,None,None,None
291000,1.3376689,8.380026e-05,5.394055,0.03647154,0.03689804,244.72827855050565,244.72827853997006,4449.6
292000,1.3373486,8.340026e-05,5.4453306,0.033065125,0.031990875,None,None,None
293000,1.3373902,8.300026e-05,5.4736257,0.028685853,0.033541247,None,None,None
294000,1.3371689,8.260026e-05,5.438266,0.026020488,0.03160662,203.90843963623047,203.90843718871474,3715.0
295000,1.3365515,8.220026e-05,5.4485283,0.060810372,0.03137176,None,None,None
296000,1.3361733,8.180025e-05,5.39165,0.029709792,0.034007326,250.3195365279913,250.3195364067331,4550.5
297000,1.3360685,8.140026e-05,5.3896074,0.032183696,0.03065162,85.42257905006409,85.42257896065712,1599.0
298000,1.3356183,8.100025e-05,5.4451017,0.044247504,0.030124493,None,None,None
299000,1.3350459,8.0600264e-05,5.4185348,0.0249826,0.033990152,None,None,None
300000,1.3346264,8.0200254e-05,5.4496164,0.037074197,0.035868302,None,None,None
301000,1.334511,7.9800266e-05,5.399629,0.032754306,0.039689258,262.0971040993929,262.09710419042966,4762.1
302000,1.3345801,7.9400255e-05,5.4579515,0.052275974,0.031475797,74.9979555606842,74.99795498512685,1402.0
303000,1.3346997,7.900026e-05,5.444743,0.033010457,0.031944107,None,None,None
304000,1.3351594,7.860026e-05,5.431481,0.056472976,0.033007573,191.7351589202881,191.73515759035945,3522.0
305000,1.3348237,7.820026e-05,5.4856305,0.04028093,0.029057695,None,None,None
306000,1.3349553,7.780026e-05,5.4383554,0.036976412,0.030371273,223.37828795476392,223.37828728531233,4061.3636363636365
307000,1.3345371,7.740026e-05,5.4893484,0.042793017,0.032130107,67.3009387254715,67.3009375911206,1265.0
308000,1.3341788,7.700026e-05,5.450062,None,None,139.60261356830597,139.6026154626161,2541.0
309000,1.3336172,7.660026e-05,5.4490547,0.07305775,0.03255386,179.21349477767944,179.2134948540479,3289.0
310000,1.3332093,7.620026e-05,5.4778743,0.051558614,0.03234975,None,None,None
311000,1.3331372,7.5800264e-05,5.3887286,0.038511433,0.030803353,210.52829051085493,210.5282906394198,3829.6363636363635
312000,1.3336535,7.540026e-05,5.4184675,0.040287595,0.02982509,86.23212337493896,86.23212441243231,1608.0
313000,1.3337332,7.500026e-05,5.4283924,0.054781582,0.033923745,None,None,None
314000,1.3336436,7.460026e-05,5.4259562,0.034404334,0.033305835,191.98571860790253,191.98571778088808,3524.0
315000,1.3336086,7.420027e-05,5.4516635,0.08571434,0.03295742,19.903456926345825,19.903457336127758,401.0
316000,1.3334583,7.380026e-05,5.4041467,0.035534676,0.029692931,204.09898322572312,204.0989834156353,3713.4166666666665
317000,1.3333458,7.340026e-05,5.4193316,0.0699162,0.038044367,89.01393833756447,89.01393866849442,1666.0
318000,1.3335012,7.3000265e-05,5.4060454,0.14848702,0.03292341,68.17989873886108,68.17990021593869,1289.0
319000,1.3333566,7.260026e-05,5.376111,0.031185698,0.040335767,192.1703417301178,192.17034084908664,3526.0
320000,1.3332533,7.2200266e-05,5.397488,0.08779752,0.026016219,232.3786015510559,232.3786012120545,4214.0
321000,1.3333241,7.180026e-05,5.358793,0.040692143,0.035462093,186.46475780308248,186.46475811004638,3393.5
322000,1.3333579,7.140026e-05,5.380534,0.063378714,0.030361243,83.51702851057053,83.5170289943926,1561.25
323000,1.3334075,7.1000264e-05,5.3854465,0.091914855,0.035473417,47.33338165283203,47.33338165283203,874.0
324000,1.3332006,7.0600254e-05,5.3770466,0.077483244,0.038540006,19.99673730134964,19.996737719513476,403.0
325000,1.3326687,7.0200265e-05,5.3873844,0.08582882,0.02848802,232.32308053970337,232.32308086752892,4208.0
326000,1.3322551,6.980026e-05,5.3222995,0.09501706,0.03351124,171.34875396577021,171.34875405952334,3122.0
327000,1.3320303,6.940026e-05,5.3432317,0.044842858,0.034708504,83.4731893837452,83.47318975441158,1560.5
328000,1.3319995,6.9000256e-05,5.36005,0.06352595,0.03040689,None,None,None
329000,1.3319373,6.860027e-05,5.366003,0.026574364,0.03430766,None,None,None
330000,1.3319695,6.820026e-05,5.383779,0.034604028,0.03453863,None,None,None
331000,1.3322625,6.780026e-05,5.3363175,0.03664974,0.03250328,251.82285512685775,251.8228556668386,4571.9
332000,1.3322114,6.740026e-05,5.3781543,0.037930783,0.03430779,67.21166014671326,67.21166095510125,1264.0
333000,1.3322649,6.700027e-05,5.381355,0.03662037,0.0352264,None,None,None
334000,1.3321226,6.660026e-05,5.402642,0.08304327,0.034191675,181.70463806390762,181.70463885366917,3322.5
335000,1.3319894,6.6200264e-05,5.4480247,None,None,None,None,None
336000,1.3317053,6.580026e-05,5.3750825,0.033874035,0.033730462,208.36602862043813,208.36602867276153,3790.090909090909
337000,1.3319377,6.540027e-05,5.4049206,0.04742948,0.03456102,88.8271266023318,88.82712593798836,1659.0
338000,1.33195,6.500027e-05,5.3735414,0.09178312,0.030817004,None,None,None
339000,1.3316175,6.4600266e-05,5.3665013,0.03420863,0.040770587,178.50770711898804,178.50770791061223,3273.0
340000,1.3312773,6.420027e-05,5.392951,0.05907055,0.030186329,252.3501374721527,252.35013840347528,4599.0
341000,1.3313016,6.380027e-05,5.3897805,0.07110374,0.03781601,197.7508086204529,197.75080818980933,3598.8
342000,1.3313584,6.340027e-05,5.4217944,0.03320533,0.032942962,67.22918659448624,67.22918744198978,1262.0
343000,1.3313448,6.300027e-05,5.4270253,0.03551321,0.037191804,None,None,None
344000,1.3311199,6.260027e-05,5.389146,0.02494208,0.034483775,None,None,None
345000,1.3308638,6.220027e-05,5.411203,0.06872342,0.03674996,160.39654517173767,160.39654511027038,2952.0
346000,1.3306731,6.180027e-05,5.355651,0.038676318,0.039962076,247.76940373182296,247.76940369028597,4500.5
347000,1.3304776,6.140027e-05,5.3964562,0.031876154,0.038967837,None,None,None
348000,1.3303427,6.1000268e-05,5.41728,0.030876197,0.0356957,None,None,None
349000,1.330253,6.0600265e-05,5.408984,0.034461427,0.032878634,179.01156169176102,179.0115629080683,3280.0
350000,1.3301835,6.0200266e-05,5.451806,0.037106957,0.032905262,None,None,None
351000,1.3305491,5.9800266e-05,5.395404,0.032701597,0.028479222,252.72756554484369,252.72756571955978,4593.9
352000,1.3310974,5.9400267e-05,5.4171968,0.072990894,0.033734288,69.40453368425369,69.40453444328159,1311.0
353000,1.3313972,5.9000267e-05,5.3893633,0.03483587,0.036845256,None,None,None
354000,1.3315392,5.8600268e-05,5.379228,0.11940507,0.033966344,159.9475256204605,159.94752508339784,2936.3333333333335
355000,1.3313477,5.820027e-05,5.426202,0.032173727,0.033683103,None,None,None
356000,1.3310497,5.7800265e-05,5.3674755,0.041809794,0.03440311,207.79897494018078,207.7989754500799,3778.8
357000,1.3309338,5.7400262e-05,5.429301,None,None,67.29527163505554,67.29527156800032,1268.0
358000,1.3304932,5.7000267e-05,5.413435,0.06359442,0.03540306,None,None,None
359000,1.3302026,5.6600267e-05,5.3515654,0.033795882,0.037177734,184.00682199001312,184.00682277232409,3375.5
360000,1.3298787,5.6200268e-05,5.402591,0.09028184,0.030376066,252.54162126779556,252.54162104427814,4608.0
361000,1.3294743,5.5800265e-05,5.3525224,0.056746554,0.035472255,193.9697196364403,193.96971984796693,3532.5
362000,1.3294936,5.5400273e-05,5.3966165,0.032578364,0.029159164,None,None,None
363000,1.3295342,5.500027e-05,5.427913,0.02824234,0.03684371,None,None,None
364000,1.3295612,5.460027e-05,5.3724713,0.054846156,0.037860774,167.83434653282166,167.83434634841979,3077.0
365000,1.3294582,5.420027e-05,5.409726,0.029236924,0.03496589,None,None,None
366000,1.3294843,5.380027e-05,5.3683186,0.036042657,0.030115176,217.0451850965619,217.0451851991626,3950.0
367000,1.3295307,5.3400272e-05,5.3957334,0.09360013,0.040653724,73.75098466873169,73.75098511949182,1376.5
368000,1.3293589,5.300027e-05,5.411032,0.062643744,0.033850078,None,None,None
369000,1.32927,5.260027e-05,5.391382,0.05489762,0.037218146,159.57619160413742,159.57619293034077,2935.0
370000,1.3293394,5.220027e-05,5.399927,0.03505304,0.033853427,252.19608426094055,252.19608405977488,4603.0
371000,1.3293208,5.180027e-05,5.3719234,0.07925154,0.0378487,188.9316812983968,188.93168107030743,3441.818181818182
372000,1.3292464,5.140027e-05,5.4134884,0.029017169,0.027570795,None,None,None
373000,1.3291583,5.1000272e-05,5.4051433,0.03815377,0.029498355,None,None,None
374000,1.3292053,5.0600276e-05,5.402545,0.054376245,0.039851204,160.0535525083542,160.05355164781213,2944.0
375000,1.3290954,5.020027e-05,5.4336715,0.032017868,0.034456667,None,None,None
376000,1.3289225,4.9800274e-05,5.3890395,0.03533404,0.031376775,253.47851775586605,253.4785178400576,4608.6
377000,1.3288133,4.940027e-05,5.4254584,0.04439559,0.033182282,67.40234696865082,67.40234631113708,1269.0
378000,1.328836,4.9000275e-05,5.4042587,0.036505166,0.031868227,None,None,None
379000,1.3287444,4.8600272e-05,5.414639,0.021912616,0.034963544,None,None,None
380000,1.3287696,4.8200272e-05,5.4546876,None,None,232.35799860954285,232.35799936950207,4214.0
381000,1.328774,4.7800273e-05,5.392577,0.06312462,0.03710513,240.64417777061462,240.64417821709065,4373.7
382000,1.3289143,4.7400274e-05,5.3745995,0.041141707,0.032585774,57.25473827123642,57.25473849801347,1087.25
383000,1.3290213,4.7000274e-05,5.3828435,0.113941774,0.031670365,112.17020618915558,112.17020416259766,2058.0
384000,1.3292903,4.6600275e-05,5.3659964,0.06414356,0.03944861,67.81388401985168,67.8138848207891,1285.0
385000,1.3292825,4.6200275e-05,5.409866,0.05859635,0.028488198,None,None,None
386000,1.329233,4.5800276e-05,5.3823996,0.03984099,0.030226914,228.39116514995695,228.39116482380777,4152.5
387000,1.3291345,4.5400273e-05,5.401959,0.03217463,0.036992013,91.37014356255531,91.37014352437109,1706.0
388000,1.3290408,4.5000274e-05,5.398982,0.081855394,0.033653665,None,None,None
389000,1.3291026,4.460027e-05,5.3638005,0.051817093,0.031325683,164.44581294059753,164.445813851431,3038.0
390000,1.3291057,4.420028e-05,5.4103,0.028749764,0.031783726,None,None,None
391000,1.3290874,4.380027e-05,5.3727217,0.035636928,0.0335717,235.0990105420351,235.09901055656374,4277.0
392000,1.3288372,4.3400272e-05,5.395124,0.048222046,0.03346386,76.82542371749878,76.8254237016663,1439.0
393000,1.3285517,4.3000273e-05,5.4197426,0.059453834,0.032636937,None,None,None
394000,1.3284191,4.2600273e-05,5.4076195,0.026777597,0.036381893,None,None,None
395000,1.3283032,4.2200274e-05,5.418044,0.03391309,0.034543917,252.37677192687988,252.3767721541226,4600.0
396000,1.3280926,4.1800275e-05,5.396032,0.061457478,0.03918982,229.54488602280617,229.54488619361072,4174.2
397000,1.3278623,4.1400275e-05,5.441573,0.031919654,0.03248317,99.6649517416954,99.66495156288147,1859.0
398000,1.3277771,4.1000276e-05,5.4455533,0.06361436,0.036085546,None,None,None
399000,1.3278123,4.0600276e-05,5.4294286,0.024825042,0.038672987,None,None,None
400000,1.327676,4.0200277e-05,5.444415,0.034071382,0.034809474,None,None,None
401000,1.3274345,3.9800278e-05,5.403135,0.037029944,0.03258011,260.66175175309183,260.6617523297667,4736.1
402000,1.3274287,3.940028e-05,5.445114,0.05968406,0.031699,86.08734172582626,86.08734188601375,1608.0
403000,1.3274235,3.9000275e-05,5.439267,0.036392227,0.03483639,None,None,None
404000,1.3276169,3.860028e-05,5.408699,None,None,189.5655219157537,189.5655215571945,3459.0
405000,1.3276848,3.8200276e-05,5.4322824,0.08678977,0.037121847,252.3461710214615,252.34616838023067,4606.0
406000,1.3276006,3.7800277e-05,5.371734,0.050596286,0.037474465,141.5342101191099,141.53420970536087,2589.923076923077
407000,1.3273892,3.7400274e-05,5.3788047,0.10281246,0.028925901,None,None,None
408000,1.3273306,3.7000274e-05,5.386043,0.028837372,0.033295177,None,None,None
409000,1.3272188,3.6600275e-05,5.406411,0.06439886,0.03759784,None,None,None
410000,1.327085,3.620028e-05,5.426323,0.026232451,0.025984982,None,None,None
411000,1.3269265,3.580028e-05,5.4052143,0.041270867,0.0313631,265.24189421236514,265.2418941684067,4817.8
412000,1.3269383,3.540028e-05,5.4228225,0.033310134,0.029653091,76.6790779531002,76.67907776776701,1436.0
413000,1.3272078,3.500028e-05,5.4457197,0.073698774,0.03328196,None,None,None
414000,1.3273368,3.460028e-05,5.3982925,0.0891056,0.037985764,166.2500098546346,166.2500098068267,3051.6666666666665
415000,1.3272685,3.4200282e-05,5.4082766,0.062418867,0.043243926,None,None,None
416000,1.3271787,3.3800283e-05,5.370696,0.038547777,0.032770615,204.43344550430774,204.43344548549504,3719.2
417000,1.3271592,3.3400283e-05,5.385399,0.06418864,0.030661888,66.95991706848145,66.95991707965732,1261.0
418000,1.3270832,3.3000284e-05,5.4105253,0.057232074,0.03198521,111.73344492912292,111.73344481363893,2051.0
419000,1.3269521,3.2600285e-05,5.3914156,0.054445367,0.036875322,160.07878005504608,160.0787814296782,2938.0
420000,1.3269116,3.220028e-05,5.4069138,0.034893997,0.038958453,None,None,None
421000,1.3268188,3.1800282e-05,5.396394,0.036634102,0.036215354,236.28231396973132,236.28231490608306,4296.9
422000,1.3267049,3.140028e-05,5.3997765,0.04561698,0.029771207,53.98980941375097,53.98980902818342,1027.0
423000,1.3266441,3.1000283e-05,5.4196076,0.08650413,0.036257982,None,None,None
424000,1.3264363,3.0600284e-05,5.3940725,0.05515969,0.030512476,192.11530339717865,192.11530389077961,3525.0
425000,1.3262038,3.0200285e-05,5.3991632,0.034147885,0.03499745,None,None,None
426000,1.3261381,2.9800285e-05,5.352298,0.036031734,0.03853204,234.518601629138,234.51860195696355,4261.3
427000,1.3261691,2.9400286e-05,5.3690643,0.054803547,0.035679586,67.30953246355057,67.30953275132924,1266.0
428000,1.3260684,2.9000286e-05,5.381541,0.037193496,0.03633246,None,None,None
429000,1.3261153,2.8600287e-05,5.379301,0.09589979,0.0376917,115.98738740384579,115.98738722479902,2143.5
430000,1.326084,2.8200287e-05,5.432213,None,None,None,None,None
431000,1.3260617,2.7800286e-05,5.367794,0.032407742,0.0358559,190.33735909177497,190.3373587923971,3464.5454545454545
432000,1.3259284,2.7400285e-05,5.380968,0.06746914,0.03610613,67.33511328697205,67.33511340431869,1266.0
433000,1.3258357,2.7000286e-05,5.3965807,0.042486854,0.029896593,None,None,None
434000,1.3257644,2.6600286e-05,5.3936324,0.062331144,0.03580854,159.24530065059662,159.24530078284442,2926.0
435000,1.325695,2.6200287e-05,5.407009,0.027280094,0.03289557,251.8354058265686,251.8354054298252,4598.0
436000,1.3256172,2.5800287e-05,5.382533,0.06846658,0.029466424,222.3540187485516,222.35401909984648,4042.9
437000,1.3256028,2.5400288e-05,5.397592,0.032493033,0.037455652,86.01259589195251,86.01259636506438,1604.0
438000,1.3256768,2.5000287e-05,5.407144,0.061465215,0.029280642,None,None,None
439000,1.3256931,2.4600286e-05,5.380421,0.025523188,0.031172117,None,None,None
440000,1.3256701,2.4200286e-05,5.392929,0.03409922,0.039479997,None,None,None
441000,1.3256668,2.3800287e-05,5.3617144,0.0371662,0.030895134,262.12399499714377,262.12399387555195,4761.6
442000,1.3256518,2.3400287e-05,5.4029236,0.032137886,0.026633754,None,None,None
443000,1.3256019,2.3000288e-05,5.4138565,0.028902482,0.029294364,154.0366789996624,154.03667899686843,2834.0
444000,1.3254986,2.260029e-05,5.3877735,0.09882071,0.035394724,8.308160424232483,8.308160175569355,202.0
445000,1.3253675,2.2200291e-05,5.388785,0.0863377,0.034203537,67.81964659690857,67.81964551191777,1279.5
446000,1.325353,2.1800292e-05,5.373826,0.034730088,0.036581535,224.48629276752473,224.4862928798422,4078.8
447000,1.3253601,2.140029e-05,5.3915315,0.054776892,0.033705506,86.08925026655197,86.08925032801926,1603.0
448000,1.3252718,2.1000289e-05,5.386374,0.03536233,0.03930266,None,None,None
449000,1.3252342,2.060029e-05,5.3722563,0.08379319,0.03529554,159.83223980665207,159.83223992586136,2934.0
450000,1.3251567,2.020029e-05,5.4044747,0.046390787,0.032925554,252.4004338979721,252.40043433196843,4604.0
451000,1.3251195,1.980029e-05,5.3751893,0.036193535,0.03620734,204.22091308683156,204.22091342266648,3714.4
452000,1.3251009,1.9400291e-05,5.385779,0.07507105,0.03283806,76.81626749038696,76.81626770272851,1439.0
453000,1.3250597,1.9000292e-05,5.379781,None,None,None,None,None
454000,1.3249083,1.8600293e-05,5.3814974,0.037457794,0.027950631,None,None,None
455000,1.325001,1.820029e-05,5.3867154,0.027063876,0.02638563,182.2020234465599,182.20202355878428,3325.5
456000,1.3250864,1.780029e-05,5.355637,0.14289352,0.03740717,181.54838351905346,181.548383500427,3304.0
457000,1.3251077,1.740029e-05,5.3584814,0.02887845,0.036830194,None,None,None
458000,1.3250679,1.7000291e-05,5.3860235,0.024670254,0.035638377,None,None,None
459000,1.3249949,1.6600292e-05,5.3645353,0.034204185,0.031177856,None,None,None
460000,1.3249123,1.6200293e-05,5.380844,0.032428183,0.033930093,None,None,None
461000,1.324904,1.5800293e-05,5.327577,0.08764913,0.03458435,228.11881159245968,228.11881141069657,4148.333333333333
462000,1.3249305,1.5400292e-05,5.357988,0.03297689,0.033743903,86.1885095834732,86.18851082585752,1607.0
463000,1.3248718,1.5000293e-05,5.378712,0.06129938,0.039543394,None,None,None
464000,1.324789,1.4600292e-05,5.377303,0.025189452,0.029111667,None,None,None
465000,1.3247702,1.4200293e-05,5.3787484,0.03535754,0.028543161,160.31652402877808,160.31652369350195,2946.0
466000,1.324741,1.3800293e-05,5.362967,0.06573472,0.03248371,242.893608006835,242.8936082667671,4410.7
467000,1.3247253,1.3400294e-05,5.364867,0.04243038,0.035636943,67.28700411319733,67.28700404241681,1266.0
468000,1.3247527,1.3000293e-05,5.3699446,0.06056176,0.041002657,139.80584001541138,139.80583976767957,2543.0
469000,1.3247651,1.2600293e-05,5.3772087,0.027818218,0.03204238,None,None,None
470000,1.324749,1.2200294e-05,5.3904185,0.04228776,0.035755698,252.162368953228,252.16237200051546,4602.0
471000,1.3248491,1.18002945e-05,5.3574038,0.03492381,0.036161568,224.67795394286514,224.67795419823378,4080.7
472000,1.3248479,1.1400294e-05,5.377352,0.059854258,0.03193692,83.13040289282799,83.13040398526937,1555.5
473000,1.3248022,1.1000294e-05,5.375065,0.060730208,0.03499844,None,None,None
474000,1.3248223,1.0600295e-05,5.3750324,None,None,173.36796551942825,173.3679652325809,3180.5
475000,1.3247524,1.0200296e-05,5.392333,0.08758707,0.034565073,252.41108363866806,252.4110854100436,4600.0
476000,1.3246692,9.8002965e-06,5.3591595,0.036305785,0.035866674,163.60531604041657,163.605316299169,2983.4166666666665
477000,1.3246434,9.400295e-06,5.371095,0.096402526,0.036587965,None,None,None
478000,1.3246245,9.000296e-06,5.385442,0.027859377,0.034020398,None,None,None
479000,1.3246356,8.6002965e-06,5.3927336,0.037032947,0.03756362,None,None,None
480000,1.3246446,8.200296e-06,5.407312,0.026172822,0.035944965,232.08151984214783,232.08152099326253,4211.0
481000,1.3246644,7.800297e-06,5.3731074,0.067484885,0.03576405,222.75705326687205,222.75705353560096,4052.0
482000,1.3246287,7.4002965e-06,5.387643,0.06603037,0.039606445,None,None,None
483000,1.3245922,7.0002966e-06,5.4082985,0.029693272,0.03596488,None,None,None
484000,1.3245689,6.600297e-06,5.408753,0.028725263,0.034114666,None,None,None
485000,1.3245625,6.2002973e-06,5.41651,0.033072803,0.037597645,None,None,None
486000,1.3245715,5.8002975e-06,5.3720746,0.035477493,0.031063063,228.14379334201416,228.14379348171255,4146.75
487000,1.3245845,5.4002976e-06,5.405756,0.03985009,0.025758617,86.21046084165573,86.21046257019043,1606.0
488000,1.3245959,5.0002977e-06,5.3956285,0.12187668,0.039811995,112.773815959692,112.7738147424534,2069.5
489000,1.324602,4.6002983e-06,5.389159,0.05822594,0.035209987,178.67598509788513,178.6759841646999,3274.0
490000,1.3246007,4.2002985e-06,5.372196,0.034070324,0.03710888,252.55984115600586,252.5598416570574,4599.0
491000,1.3245915,3.8002986e-06,5.371577,0.06816856,0.02942166,191.48167557120323,191.48167547751217,3484.2
492000,1.3245766,3.4002987e-06,5.372271,0.0393439,0.03595618,67.28638988733292,67.28639004193246,1263.0
493000,1.3245835,3.0002989e-06,5.374794,0.03606253,0.034672022,None,None,None
494000,1.3245816,2.6002992e-06,5.3826795,0.025010964,0.040120933,204.2262086868286,204.2262086700648,3714.0
495000,1.3245775,2.2002994e-06,5.4009404,0.061098147,0.032803457,None,None,None
496000,1.3245871,1.8002996e-06,5.3626084,0.035138343,0.041177835,243.5609699398279,243.56097004609182,4424.2
497000,1.3245766,1.4002999e-06,5.3761616,0.06320773,0.030469587,76.66222721338272,76.66222662758082,1433.0
498000,1.3245714,1.0003e-06,5.382085,0.036606777,0.032042295,None,None,None
499000,1.3245709,6.0030015e-07,5.373867,None,None,204.2515491247177,204.25154898222536,3712.5
500000,1.3245704,2.0030039e-07,5.3904476,0.07973744,0.03466308,None,None,None
